keyword,page_id,role,search_volume,traffic_potential,difficulty,intent,cpc
asvab practice test,p1,primary,78000,52000,31,informational,
asvab practice,p1,secondary,3300,26000,27,informational,
asvab scores,p2,primary,9700,30,51,informational,
asvab calculator,p2,secondary,600,3700,42,informational,
line scores asvab,p2,secondary,200,0,24,informational,
asvab line scores calculator,p2,secondary,50,0,35,informational,
military asvab score chart,p2,secondary,30,0,22,informational,
asvab score chart,c1,primary,4200,0,24,informational,
asvab line scores,c1,secondary,500,0,6,informational,
asvab line scores meaning,c1,secondary,90,0,2,informational,
what are line scores on the asvab,c1,secondary,50,0,9,informational,
asvab study guide,c2,primary,4800,1700,11,commercial,
what is a good asvab score,c3,primary,2200,2900,23,informational,
best asvab score,c3,secondary,200,2900,0,informational,
air force asvab score,c4,primary,1600,22000,53,informational,
air force asvab score chart,c4,secondary,600,0,54,informational,
afqt practice test,c5,primary,1300,0,20,informational,
afqt test,c5,secondary,500,0,5,informational,
is the asvab hard,c6,primary,1700,1300,0,informational,
asvab practice questions,c7,primary,1200,5700,23,informational,
asvab math questions,c7,secondary,450,5900,0,informational,
gt score,c8,primary,1200,0,0,informational,
gt score asvab,c8,secondary,400,0,22,informational,
can you use a calculator on the asvab,c9,primary,1500,1100,6,informational,
afqt score,c10,primary,1500,0,26,informational,
asvab tutor,c11,primary,1400,1900,18,commercial,
how many times can you take the asvab,c12,primary,1200,10000,7,informational,
asvab arithmetic reasoning,c14,primary,900,1300,1,informational,
asvab waiver,c15,primary,900,100,54,informational,
how many questions is the asvab,c16,primary,800,4500,19,informational,
navy asvab score chart,c17,primary,700,0,1,informational,
asvab word knowledge practice test,c18,primary,600,900,0,informational,
asvab math,c19,primary,600,800,1,informational,
afqt percentile score,c20,primary,400,0,12,informational,
afqt meaning,c20,secondary,200,0,11,informational,
asvab mechanical comprehension,c21,primary,500,900,0,informational,
afqt vs asvab,c22,primary,500,0,3,informational,
asvab score chart army,s1,primary,200,0,6,informational,
army asvab score chart,s1,secondary,150,0,6,informational,
asvab line scores army,s1,secondary,60,0,2,informational,
asvab test bank,s2,primary,400,700,16,informational,
asvab flashcards,s3,primary,350,150,0,commercial,
asvab gt score,s4,primary,350,0,0,informational,
whats the highest score on the asvab,s5,primary,350,600,0,informational,
afqt predictor test,s6,primary,350,0,2,informational,
asvab math formulas,s7,primary,300,350,0,informational,
what is a good afqt score,s8,primary,250,0,0,informational,
general science asvab study guide,s9,primary,200,150,0,informational,
electronics information asvab,s10,primary,200,300,0,informational,
afct army,s11,primary,80,0,0,informational,
afct scoring,s11,secondary,60,0,10,informational,
afct test,s11,secondary,60,0,24,informational,
asvab composite scores,s12,primary,150,150,2,informational,
general science questions,s13,primary,150,300,2,informational,
general technical asvab practice test,s14,primary,150,35000,35,informational,
general maintenance asvab,s15,primary,90,50,14,informational,
asvab auto and shop study guide,s16,primary,70,80,0,informational,
afct vs asvab,s17,primary,70,0,0,informational,
mechanical comprehension asvab study guide,s18,primary,70,40,0,informational,
afct calculator,s19,primary,70,0,43,informational,
afct practice test,s20,primary,60,0,51,informational,
coast guard asvab score chart,s21,primary,40,0,15,informational,
how to pass asvab,s22,primary,30,150,1,informational,
asvab test format,s23,primary,30,0,0,informational,
asvab test tips,s24,primary,10,600,1,informational,
asvab reading,s25,primary,10,0,0,informational,
assembling objects asvab,s_ao,primary,500,400,0,informational,
asvab assembling objects,s_ao,secondary,90,400,0,informational,
